word,frequency
watch,5267
Apple,4164

heart,1199 
rate,1340
ECG,1525
cardiology,1450
sensor,2182
Oxygen,1385
Cardio, 1668
Mobility, 1454
emergency,1524
monitoring,1678
healthcare,1565

battery,2276
great,2098
new,2070
very,1955
series,1906
life,1386
screen,1356
apple,1345
features,1329
use,1289
more,1229
good,1219
really,1210
best,988
easy,981
Love,957
product,901
better,844
Series,837
nice,827
band,804
phone,774
size,768
upgrade,766
first,713
time,710
color,706
Great,682
happy,673
recommend,672
wife,670
gift,666
buy,617
bigger,613
bought,607
Best,606
other,593
always,581
because,570
which,566
works,559
everything,556
every,548
they,546
well,541
how,536
need,531
She,531
even,508
m,498
charge,493
worth,484
Battery,484
far,481
Very,479
looks,464
last,461
track,455
7,453
using,447
display,444
without,443
big,437
any,435
My,435
mm,431
price,428
previous,428
too,427
larger,425
So,419
by,418
upgraded,414
smart,413
still,413
go,413
work,412
iPhone,409
its,406
purchase,406
lot,401
days,397
it’s,395
used,394
Nike,394
old,393
little,391
watches,390
getting,386
wrist,384
tracking,383
purchased,378
face,372
definitely,370
perfect,367
since,367
ever,366
over,366
quality,364
ve,360
comfortable,356
wear,354
longer,352
could,352
sleep,350
If,349
now,345
after,338
Buy,338
"watch,",337
thing,337
amazing,336
keep,335
don,335
there,334
3,333
looking,332
set,331
able,328
some,327
great.,327
features.,327
years,326
want,325
long,321
then,318
make,318
never,316
look,309
having,306
made,305
while,305
loved,301
way,297
makes,297
lasts,296
did,296
awesome,292
apps,291
daily,290
product.,286
use.,283
life.,279
before,277
compared,276
think,276
absolutely,276
charging,275
wish,275
few,271
feature,270
But,269
small,266
he,266
off,266
know,263
Christmas,262
things,260
Easy,260
say,259
Good,259
thought,255
I’m,255
bit,255
It’s,253
different,252
version,251
fast,250
take,244
daughter,243
see,242
who,241
pretty,239
wanted,238
large,236
Ultra,235
glad,231
right,230
watch!,230
design,229
fits,227
No,226
working,226
came,225
most,225
bands,220
older,219
feel,218
products,217
app,216
excellent,212
monitor,212
should,209
useful,209
went,208
being,208
2,207
functions,205
fit,204
And,203
Nice,200
same,200
going,200
seems,199
faces,198
must,197
text,196
You,195
super,194
blood,193
calls,190
comes,189
back,188
day.,188
don’t,186
easier,185
needed,185
Would,185
service,184
into,184
me.,183
another,183
Fitbit,183
model,181
A,180
-,179
we,177
feels,176
charger,176
almost,175
one.,175
wearing,174
around,173
enjoy,173
full,173
cool,173
box,172
come,171
it!,170
Works,170
liked,169
options,168
change,168
hours,168
them,168
buying,166
I’ve,166
helpful,166
charges,166
especially,165
upgrade.,165
sure,165
faster,165
decided,164
help,164
charged,164
Garmin,163
5,162
extra,162
good.,160
needs,160
screen.,160
difference,160
their,159
everyday,159
highly,159
4,158
finally,157
They,157
Also,157
well.,157
money,156
activity,155
two,152
purchase.,152
SE,151
actually,151
6,148
time.,148
check,148
birthday,148
took,147
"it,",147
read,147
Just,146
give,146
wrist.,146
pleased,146
keeps,146
exercise,145
order,144
several,144
phone.,144
though,143
messages,143
didn,143
issues,141
people,140
open,140
were,139
put,139
Only,139
enjoying,138
find,138
loving,138
workout,137
Really,134
replace,134
through,133
item,133
something,133
answer,133
functionality,133
case,132
Upgraded,131
Not,131
beautiful,131
wait,130
smaller,129
second,129
I'm,129
helps,129
plus,128
gift.,128
doesn,128
his,127
anything,127
huge,127
said,127
Bought,127
Excellent,126
person,125
myself,125
&,124
green,124
color.,124
",",123
8,123
yet,123
call,123
overall,123
down,121
durable,121
better.,121
user,120
price.,119
probably,119
device,119
during,119
far.,118
wife.,117
GPS,117
easily,117
less,117
top,116
these,116
watches.,116
ultra,116
might,116
store,116
favorite,116
expected.,116
running,116
learning,116
it's,115
live,115
Awesome,114
Highly,114
light,114
doing,113
owned,113
available,113
smartwatch,112
expected,112
band.,112
amazing.,112
accurate,112
again,111
Looks,111
7.,111
likes,111
husband,111
such,110
workouts,110
As,109
received,109
sports,109
bright,109
exactly,109
Amazon,109
enough,108
iPhone.,108
next,108
There,108
problem,108
Thank,107
All,107
present,107
experience,105
due,105
Got,105
For,104
Definitely,104
anyone,104
found,103
He,103
now.,103
between,103
added,102
Now,102
Had,102
steps,102
out.,102
"Watch,",101
gave,101
function,100
convenient,100
replacement,100
else,99
updates,99
both,99
don't,98
already,98
pick,98
do.,98
tried,98
customer,97
quick,97
satisfied,97
run,97
brand,96
sale,96
notifications,96
fact,96
improvement,96
Overall,96
deal,95
It's,95
Its,95
cellular,95
someone,95
where,95
may,95
hand,94
takes,94
issue,94
edge,94
days.,93
reason,93
Does,93
delivery,92
fall,92
clear,92
water,91
ability,91
1,90
quickly,90
expensive,89
yet.,89
replaced,89
can’t,89
wrong,89
Amazing,87
active,87
month,87
keeping,87
Samsung,87
uses,87
goes,86
button,86
display.,86
started,86
information,86
delivered,85
coming,85
least,85
texts,85
fan,85
We,85
ordered,84
didn’t,84
switch,84
hard,84
One,84
tech,84
iwatch,83
value,83
once,83
upgrading,83
up.,83
lots,83
Has,83
those,83
Like,83
However,83
own,82
trade,82
comfortable.,82
it.I,82
keyboard,82
fun,82
Apple.,81
high,81
reading,81
care,81
black,81
Can,81
sleek,80
doesn’t,80
original,80
sometimes,80
update,80
re,80
until,79
weeks,79
In,79
why,79
couple,79
simple,79
try,79
year,78
more.,78
stay,78
generation,78
multiple,77
this.,77
side,77
iWatch,77
improved,76
quality.,76
option,76
family,76
3.,76
return,75
regular,75
What,75
making,75
awesome.,75
Still,75
did.,75
son,75
Ultra.,74
temperature,74
helped,74
tracks,74
rugged,73
premium,73
built,73
colors,73
expect,73
setup,73
tell,72
purchasing,72
touch,72
quite,72
three,72
turn,72
us,71
updated,71
Much,71
too.,71
"screen,",70
times,70
"features,",70
earlier,70
disappointed,70
our,70
hands,69
When,69
extremely,69
impressed,69
gen,69
Screen,69
ease,69
handy,69
buy.,68
Will,68
action,68
scratch,68
integration,68
strap,67
prefer,67
review,67
face.,67
iphone,67
along,67
each,67
type,67
except,67
third,67
told,66
technology,66
heavy,66
silver,66
Watch!,66
Was,66
real,65
stainless,65
home,65
weight,65
slightly,65
fantastic,65
years.,65
isn,65
Super,64
Everything,64
"product,",64
you.,64
pay,64
waiting,64
ones,64
durability,64
apps.,64
size.,63
online,63
worried,63
gold,63
however,63
etc.,63
trying,63
won,63
Worth,62
fully,62
data,62
blue,62
model.,62
half,62
returned,62
d,62
end,61
Band,61
past,61
away,61
"great,",61
close,61
tracker,61
job,61
texting,61
stylish,61
u,60
given,60
on.,60
bands.,60
titanium,60
45mm,60
seem,60
level,60
design.,60
lasted,60
work.,60
steel,59
often,59
models.,59
start,59
body,59
gps,59
latest,59
nice.,59
bad,58
products.,58
brighter,58
girlfriend,58
white,58
"life,",58
sport,58
helpful.,58
plan,58
night,58
supposed,58
Better,58
After,58
let,58
it.Love,58
complaint,58
perfectly,58
arrived,57
nothing,57
gets,57
ocean,57
similar,57
totally,57
market,57
android,57
41mm,57
done,56
part,56
usually,56
maybe,56
complaints,56
twice,56
series.,56
additional,56
condition,56
nike,55
normal,55
months,55
performance,55
Wish,55
forward,55
missing,55
kind,55
before.,54
plug,54
hold,54
EKG,54
th,54
have.,53
activities,53
stand,53
scratches,53
single,53
flat,53
wonderful,53
feature.,53
build,53
Watches,53
step,53
completely,53
itLove,53
Perfect,53
says,53
charge.,53
USB,53
fine,52
solid,52
place,52
here,52
piece,52
With,52
tracking.,52
runs,51
surprised,51
recommended,51
owned.,51
!,51
style,51
gives,51
cannot,51
enjoys,51
decision,51
addition,51
match,51
previously,50
everyone,50
everyday.,50
Especially,50
Other,50
tells,50
Absolutely,50
talk,50
smooth,50
whole,50
Fast,50
ago,50
main,49
..,49
support,49
miss,49
power,49
hour,49
hit,49
longer.,49
cost,49
pair,49
enjoyed,49
calories,49
fast.,49
ll,49
friend,48
versions,48
watch.I,48
friends,48
stars,48
choose,48
learn,48
him,48
itself,48
ok,48
Starlight,48
Fits,48
couldn,48
connect,48
switched,48
mind,47
guy,47
gym,47
per,47
non,47
connected,47
leave,47
hesitant,47
add,47
battery.,47
Always,47
excited,47
That,47
cover,47
starlight,47
message,47
im,46
believe,46
walk,46
worked,46
all.,46
devices,46
barely,46
allows,46
short,46
mode,46
taking,46
edition,46
IT,46
choice,46
red,46
24,45
ask,45
Is,45
music,45
fell,45
perfect.,45
resistant,45
lost,45
hours.,45
lasting,45
under,45
I've,45
4.,45
checking,45
friendly,45
knew,45
Happy,45
Yes,45
connects,45
although,45
felt,44
you’re,44
fit.,44
ready,44
is.,44
functional,44
designed,44
mine,44
Im,44
off.,44
quickly.,44
Well,44
traded,44
models,44
waited,44
problems,44
Some,44
Lots,44
wasn,44
week,44
usage,43
instead,43
unless,43
others,43
nearly,43
expectations.,43
responsive,43
mean,43
Titanium,43
sensors,43
Even,43
simply,43
daughter.,43
ecosystem,42
Loving,42
basically,42
charging.,42
kept,42
perfectly.,42
had.,42
for.,42
downside,42
exercise.,42
included,42
medical,42
seamlessly,42
Purchased,42
free,42
access,42
advertised,42
LOVE,42
asked,42
dont,42
gadget,41
Must,41
within,41
Have,41
need.,41
beat,41
available.,41
it..,41
glass,41
pull,41
didn't,41
version.,41
Big,41
negative,41
benefits,41
skeptical,41
quicker,41
O,41
newer,41
While,40
standard,40
picked,40
noticed,40
important,40
On,40
carry,40
wrists,40
play,40
New,40
difference.,40
regret,40
again.,40
later,40
Glad,40
watch.Love,40
Many,40
minutes,40
wouldn,40
mm.,40
mom,40
prior,40
excellent.,39
offers,39
stuff,39
extreme,39
appreciate,39
newest,39
emails,39
date.,39
course,39
features.I,39
Blood,39
6.,39
items,39
device.,39
shipping,39
save,39
giving,39
long.,39
morning,38
Thanks,38
that’s,38
traditional,38
though.,38
45,38
best.,38
sleep.,38
Comfortable,38
worn,38
left,38
Fitbit.,38
sales,38
charger.,37
isn’t,37
diving,37
metal,37
related,37
decent,37
durable.,37
ended,37
recommend.,37
Android,37
move,37
improvements,37
haven,37
rd,37
FitBit,37
fitbit,37
seeing,36
thank,36
owning,36
44mm,36
consistently,36
aluminum,36
sound,36
truly,36
game,36
recently,36
comparison,36
sold,36
watch.This,36
figure,36
setting,36
amazon,36
does.,36
Since,36
backup,36
calls.,36
send,36
limited,36
Display,36
Don,36
changed,36
Charges,36
otherwise,35
thus,35
Never,35
APPLE,35
star,35
Finally,35
product!,35
moved,35
protector,35
wears,35
much.,35
stop,35
biggest,35
significant,35
everything.,35
turned,35
Loved,34
world,34
alert,34
point,34
bed,34
talking,34
"quality,",34
stays,34
"3,",34
difficult,34
"use,",34
major,34
thinking,34
bulky,34
low,34
particular,34
outstanding,34
software,34
workouts.,34
options.,34
mainly,34
response,34
Midnight,34
provides,34
alarm,34
it.Great,34
genuine,34
hrs,33
throughout,33
dive,33
rather,33
tool,33
ultra.,33
"However,",33
plenty,33
clear.,33
cracked,33
number,33
advantage,33
Bigger,33
advertised.,33
3rd,33
app.,33
dial,33
navigate,33
physical,33
broke,33
recharge,33
provided,33
Christmas.,33
sync,33
versions.,33
Beautiful,33
compatibility,32
tiny,32
look.,32
read.,32
Pro,32
unique,32
dark,32
function.,32
straps,32
knowledgeable,32
to.,32
noticeable,32
originally,32
in.,32
discount,32
that.,32
careful,32
till,32
date,32
Recommend,32
pink,32
.I,32
Although,32
pulse,32
cheaper,32
show,32
honestly,32
can't,31
card,31
count,31
arm,31
couldn’t,31
gone,31
compliments,31
certainly,31
At,31
taken,31
8.,31
Can’t,31
functions.,31
features.Love,31
showing,31
"day,",31
remember,31
answering,31
.Great,31
changing,31
condition.,31
great!,31
download,31
itI,31
detection,31
Product,30
hardly,30
"good,",30
cheap,30
possible,30
exclusive,30
initial,30
"battery,",30
"one,",30
average,30
"time,",30
accuracy,30
true,30
based,30
complaints.,30
Buy.,30
changes,30
timely,30
Alpine,30
exceeded,30
goals.,30
forget,30
password,30
Day,30
connectivity,30
smartwatch.,30
higher,30
watchGreat,30
adapter,30
range,30
actual,30
Wife,30
realize,30
person.,30
like.,29
sale.,29
cant,29
ur,29
won’t,29
hiking,29
saying,29
speaker,29
down.,29
protect,29
against,29
Once,29
amazed,29
right.,29
hope,29
eventually,29
area,29
notice,29
IPhone,29
easy.,29
process,29
figured,29
seven,29
Iphone,29
cell,29
ever.,29
holds,29
vs,29
nd,29
reminders,29
sister,29
comparing,28
neat,28
literally,28
bigger.,28
"Also,",28
moment,28
orange,28
"me,",28
Watches.,28
safety,28
made.,28
seen,28
system,28
customize,28
improve,28
wanted.,28
O2,28
goals,28
happier,28
BestBuy,28
Larger,28
compatible,28
functionality.,28
including,28
pictures,28
defective,28
voice,27
hassle,27
Activity,27
Quality,27
lifestyle,27
By,27
special,27
understand,27
crystal,27
chose,27
surprise,27
besides,27
compare,27
technology.,27
beyond,27
spot,27
ahead,27
More,27
setup.,27
worry,27
crazy,27
constantly,27
wear.,27
scratched,27
C,27
midnight,27
Aluminum,27
Sport,27
pressure,27
near,27
Sleek,27
bells,27
comfort,27
include,27
se,27
mother,27
it!!,27
!!,26
playing,26
money.,26
please,26
happy.,26
"Overall,",26
small.,26
looked,26
paid,26
link,26
whatever,26
wasn’t,26
lot.,26
be.,26
incredible,26
daily.,26
extension,26
Charge,26
needing,26
readable,26
"color,",26
certain,26
box.,26
activities.,26
capabilities,26
saved,26
convenience,26
Siri,26
"phone,",26
pro,26
stopped,26
itGreat,26
staff,26
Helps,26
40mm,25
Flipkart,25
usual,25
useful.,25
Need,25
hardcore,25
else.,25
pulled,25
problem.,25
bumper,25
edges,25
rings,25
man,25
generations,25
runner,25
finish,25
pricey,25
5.,25
opinion,25
apple.,25
issues.,25
investment,25
phones,25
considering,25
birthday.,25
space,25
jump,25
suggest,25
pickup,25
"7,",25
texts.,25
Case,25
knowing,25
changer,25
reliable,25
wise,25
Cellular,25
settings,25
helping,25
receiving,25
stock,25
Value,24
flipkart,24
returning,24
superb,24
wouldn’t,24
I’d,24
Upgrading,24
doesn't,24
four,24
receive,24
active.,24
hoping,24
Don’t,24
fence,24
Because,24
Price,24
bike,24
continue,24
NOT,24
ekg,24
Went,24
st,24
night.,24
Using,24
Iwatch,24
iWatch.,24
require,24
Color,24
significantly,23
provide,23
form,23
above,23
wants,23
companion,23
secure,23
decide,23
dress,23
thats,23
favorite.,23
"wrist,",23
Stainless,23
sugar,23
shows,23
it.This,23
doesnt,23
lets,23
"watches,",23
"rate,",23
extended,23
big.,23
offer.,23
"purchase,",23
none,23
likely,23
audio,23
customizable,23
cord,23
"well,",23
one.I,23
etc,23
differences,23
accurate.,23
graduation,23
switch.,23
Fit,23
watch!!,23
mostly,23
eyes,23
Replaced,23
better.I,23
sporty,23
WATCH,23
motivated,23
okay,23
busy,23
respond,23
attractive,23
performance.,22
hear,22
affordable,22
samsung,22
service.,22
"up,",22
12,22
offer,22
wrists.,22
49mm,22
test,22
there.,22
somewhat,22
reminds,22
putting,22
bulky.,22
change.,22
interface,22
includes,22
record,22
haven’t,22
okay.,22
slight,22
activity.,22
would.,22
convinced,22
speed,22
upgrades,22
expectations,22
Life,22
properly,22
minor,22
entire,22
alot,22
walking,22
drains,22
wore,22
THE,22
AND,22
seamless,22
her.,22
poor,22
41,22
company,21
store.,21
rest,21
readings,21
local,21
diver,21
paired,21
video,21
isn't,21
looking.,21
"years,",21
mentioned,21
"band,",21
bright.,21
means,21
spent,21
levels,21
opted,21
amount,21
loop,21
redesign,21
brightness,21
gotten,21
brought,21
around.,21
whether,21
wife’s,21
sucks,21
life.The,21
lack,21
(I,21
terms,21
clearer,21
levels.,21
opened,21
faces.,21
things.,21
with.,21
nicer,21
FOR,21
reach,21
adds,21
tracker.,21
watch.Great,21
seconds,21
doubt,21
glance,21
anywhere,21
o,21
lower,21
Galaxy,21
k,21
Simply,20
"Apple,",20
name,20
purchases,20
…,20
"display,",20
"comfortable,",20
gripe,20
letters,20
everyone.,20
"size,",20
scuba,20
became,20
called,20
hopefully,20
currently,20
100%,20
Gen,20
"that,",20
business,20
sapphire,20
lightweight,20
yet!,20
trouble,20
features.Great,20
measures,20
liking,20
new.,20
freaking,20
communication,20
Being,20
magnetic,20
10,20
myself.,20
die,20
quit,20
2.,20
school,20
phenomenal,20
say.,20
performs,20
eye,20
shipped,20
Seems,20
hate,20
soon,20
straight,20
it.Apple,20
Been,20
lighter,20
photos,20
held,20
concerned,20
greatest,20
stuck,20
tracked,20
offered,20
fine.,20
item.,20
also.,20
below,20
sense,20
imagine,20
current,20
mobile,20
Loves,20
matches,20
present.,20
early,20
Go,19
willing,19
Ocean,19
"far,",19
wanting,19
feedback,19
hardware,19
perhaps,19
back.,19
pleasant,19
clarity,19
"design,",19
has.,19
"this,",19
penny.,19
too.I,19
various,19
release,19
massive,19
outdoors,19
personally,19
requires,19
dropped,19
should.,19
you're,19
Versa,19
An,19
purchased.,19
2nd,19
bring,19
purchase.Love,19
control,19
ordering,19
online.,19
guys,19
way.,19
Feels,19
last.,19
galaxy,19
interested,19
word,19
them.,19
First,19
practical,19
monitor.,19
bestbuy,19
itThis,19
sending,19
disappoint.,19
integrates,19
1st,19
immediately,19
aware,19
n,19
whistles,19
interesting,19
timer,19
Pretty,19
crown,19
day.I,19
forever,19
warranty,18
nicely,18
constant,18
"8,",18
about.,18
Paired,18
one.Love,18
Ive,18
curved,18
leather,18
checks,18
monitors,18
thin,18
protection,18
usage.,18
"calls,",18
former,18
natural,18
Coming,18
mechanical,18
subtle,18
Maybe,18
oneI,18
away.,18
WITH,18
Size,18
tight,18
it!I,18
crack,18
alone,18
watchI,18
smartwatches,18
won't,18
saw,18
superior,18
Green,18
pain,18
regrets.,18
handy.,18
brands,18
users,18
market.,18
To,18
five,18
annoying,18
died,18
motivates,18
complete,18
meets,18
wrong.,18
report,18
install,18
notch,18
swimming,18
today,18
Couldn,18
Let,18
processor,18
measure,18
anniversary,18
accessories,18
Took,18
pocket,18
Keeps,18
house,18
Get,18
zero,18
iwatch.,18
working.,18
Tracks,18
waste,18
cable,18
doctor,18
budget,18
Indian,18
initially,17
pros,17
stunning,17
Extremely,17
line,17
ecosystem.,17
20,17
centre,17
robust,17
either.,17
happen,17
exercising,17
–,17
casing,17
included.,17
starting,17
love.,17
become,17
Makes,17
easily.,17
trip,17
30,17
met,17
notifications.,17
automatically,17
notch.,17
compete,17
Durable,17
Plenty,17
it.The,17
athlete,17
pleased.,17
Looking,17
glasses,17
remove,17
repair,17
key,17
recommend.I,17
maximum,17
applications,17
running.,17
upgraded.,17
value.,17
shower,17
MY,17
LOVES,17
ok.,17
it.Bought,17
"gift,",17
iphone.,17
spouse,17
Such,17
cause,17
GPS.,17
unable,17
"6,",17
party,17
refund,17
personal,17
cool.,17
"messages,",17
Didn,17
dual,17
w,17
exercises,17
general,17
thrilled,17
team,17
via,17
sharp,17
crash,17
measurements,17
email,17
Long,17
SO,17
Loop,17
connection,17
Having,17
features!,17
"wife,",16
unlike,16
18,16
credit,16
left.,16
Rest,16
hated,16
spending,16
"days,",16
dig,16
absolute,16
"bigger,",16
correct,16
heavier,16
invested,16
,16
efficient,16
introduced,16
AW,16
preferred,16
note,16
level.,16
noticeably,16
YOU,16
amazing!,16
case.,16
didnt,16
recent,16
review.,16
speak,16
conditions,16
restart,16
bit.,16
tends,16
font,16
synced,16
keyboard.,16
purchase.I,16
reasons,16
that's,16
month.,16
Solid,16
Large,16
professional,16
Tried,16
son.,16
overall.,16
continues,16
GREAT,16
"nice,",16
watch.Apple,16
year.,16
13,16
UI,16
fair,16
mins,16
hasn,16
knows,16
convenient.,16
idea,16
accept,16
IWatch,16
Daughter,16
trust,16
deal.,16
eight,16
vs.,16
devices.,16
guess,16
satisfied.,16
want.,16
driving,16
stats,16
listen,16
thanks,16
belt,16
mind.,16
fantastic.,16
call.,16
member,16
watchLove,16
spend,16
alerts,16
lock,16
wide,16
Music,16
beautiful.,16
needed.,16
calling,16
trackers,16
wash,16
Nothing,16
batter,16
push,16
manage,16
questions,16
Mother,16
moving,16
awhile,16
peace,16
messaging,16
IS,16
notification,16
packaging,16
Service,16
Amazon.,16
choice.,15
backup.,15
covered,15
digital,15
Fantastic,15
movement,15
dressing,15
trigger.,15
disappointed.So,15
"yet,",15
athletes,15
reads,15
ton,15
yellow,15
14,15
Type,15
Lasts,15
variety,15
separate,15
matter,15
shopping,15
arm.,15
Friday,15
awesome!,15
45mm.,15
young,15
months.,15
allowing,15
see.,15
launch,15
"out,",15
recording,15
outdoor,15
list,15
Features,15
S,15
buyer,15
in.I,15
44,15
records,15
it.My,15
chance,15
Day.,15
anymore.,15
bezel,15
mention,15
bother,15
Version,15
Iwatch.,15
improvement.,15
Longer,15
serie,15
worthy,15
least.,15
washing,15
packed,15
Totally,15
breathable,15
share,15
clearly,15
e,15
progress,15
Customer,15
serious,15
partner,15
selection,15
rely,15
Did,15
Too,15
priced,15
prices,15
wearable,15
incredibly,15
t.,15
BEST,15
Otherwise,15
From,15
expecting,15
research,15
heartbeat,15
camera,15
Another,15
ways,15
choices,15
Use,15
Received,15
--,15
men,14
deals,14
feminine,14
seen.,14
sliding,14
flawless,14
there’s,14
draw,14
unhappy,14
"better,",14
sleeve,14
swap,14
meters,14
Favorite,14
siren,14
happened,14
terrible,14
nowhere,14
(,14
claim,14
nits,14
snd,14
aging,14
strap.,14
normally,14
watch.It,14
temp,14
greatI,14
accurately,14
lucky,14
stellar,14
cost.,14
adventurer,14
aspect,14
feeling,14
material,14
frame,14
released,14
"awesome,",14
perfect.I,14
on.I,14
youI,14
enter,14
group,14
capabilities.,14
Be,14
sensitive,14
one!,14
Find,14
oximeter,14
covers,14
appears,14
Came,14
C.,14
wellGreat,14
children,14
dead,14
day.Great,14
future,14
it!!!,14
own.,14
walks,14
Bestbuy,14
Black,14
example,14
increase,14
times.,14
Gives,14
life.Great,14
hoped,14
stylish.,14
featuresI,14
clock,14
it.It,14
iPad,14
same.,14
storage,14
rose,14
timers,14
iOS,14
silicone,14
finish.,14
wow,14
Crash,14
asking,14
dies,14
pure,14
program,14
arrive,14
weighs,14
not.,14
miles,14
instantly,14
block,14
drain,14
floor,14
discount.,14
BB,14
info,14
niece,14
Why,14
Sleep,14
pairing,14
post,14
recipient,14
granddaughter,14
friendly.,14
"on,",14
"steps,",14
reviews,13
unbeatable,13
breeze.,13
pathetic,13
counts,13
brightest,13
chunky,13
comfy.,13
"Ultra,",13
gadgets,13
Steel,13
towards,13
drop,13
yourself,13
users.,13
Red,13
typical,13
utilize,13
sturdy,13
beautifully,13
Watch.This,13
wet,13
Apple’s,13
increased,13
Oh,13
refused,13
depending,13
sooner,13
pleasantly,13
ever!,13
THIS,13
4th,13
more.Love,13
Couldn’t,13
pairs,13
fashion,13
multi,13
tall,13
twice.,13
viewing,13
use.I,13
unlock,13
while.,13
updating,13
results,13
discovering,13
tad,13
Small,13
syncs,13
sounds,13
Setup,13
other.,13
product.I,13
watch!!!,13
Max.,13
enough.,13
Watch.Great,13
strongly,13
it.Absolutely,13
seemed,13
Same,13
plug.,13
failed,13
screen!,13
rates,13
usb,13
lived,13
use.Great,13
Exactly,13
Upgrade,13
Could,13
thing.,13
7!,13
hesitate,13
picking,13
phone.The,13
Running,13
possible.,13
sent,13
notify,13
displays,13
possibly,13
continuous,13
hand.,13
bill,13
locking,13
sleek.,13
.This,13
plus.,13
info.,13
+,13
option.,13
issue.,13
information.,13
equipment,13
alarms,13
soon.,13
CAN,13
Unfortunately,13
informative,13
wake,13
Dick,13
together,13
colour,13
food,13
period,13
sleeping,13
broken,13
watch.Excellent,13
links,13
finding,13
K,13
Package,12
grab,12
Faster,12
PRODUCT,12
stretch,12
photos.,12
default,12
Apple's,12
believe.,12
electronics.,12
far.I,12
whose,12
woman,12
brings,12
training,12
actively,12
customers,12
far.This,12
48,12
learned,12
Button,12
rhythm,12
wrist.I,12
girl,12
buttons,12
break,12
combined,12
deep,12
stated,12
vastly,12
Bit,12
shipment,12
awesomeExcellent,12
rides.,12
Money,12
fan.,12
Covid,12
pass,12
Speaker,12
ultimately,12
lol.,12
rubber,12
experienced,12
AFIB,12
aesthetically,12
delivers,12
computer,12
"much,",12
dust,12
Watch.The,12
App,12
wife's,12
comfortably,12
lol,12
surface,12
cooler,12
overpriced,12
either,12
impressive,12
double,12
proof,12
upgrade.I,12
damaged,12
g,12
time.I,12
carrier,12
Wow,12
s.,12
worse,12
fianc,12
.Love,12
college,12
point.,12
fairly,12
effectively,12
swim,12
obviously,12
me.I,12
Used,12
particularly,12
Plus,12
appreciated,12
Thought,12
itMy,12
cycle,12
subscription,12
baby,12
searching,12
track.,12
positive,12
steps.,12
Quick,12
expensive.,12
tons,12
reluctant,12
microphone,12
turning,12
ive,12
explained,12
from.,12
associate,12
view,12
hype,12
nor,12
happier.,12
Probably,12
distance,12
overnight,12
loaded,12
watchThis,12
tasks.,12
missed,12
switching,12
replacing,12
mothers,12
syncing,12
go.,12
elegant,12
unfortunately,12
weather,12
afford,12
detect,12
well.I,12
daughters,12
drawback,12
exploring,12
Blue,12
survived,12
talked,12
detects,12
curbside,12
workout.,12
prime,12
Water,12
BUY,12
Smart,12
supports,12
visit,12
"exercise,",12
ON,11
watching,11
unbelievable,11
Easily,11
delivery.,11
Almost,11
charged.,11
Performance,11
basic,11
"45mm,",11
skin,11
Look,11
speakers,11
acts,11
detail,11
you’ve,11
darker,11
Compared,11
clean,11
Goes,11
redesigned,11
forgot,11
suit,11
existing,11
(which,11
uncomfortable,11
starts,11
write,11
GO,11
lady,11
quick.,11
glass.,11
YouTube,11
customization,11
end.,11
leap,11
gifted,11
unboxing,11
over.,11
pricy,11
garmin,11
picture,11
outside,11
"is,",11
7th,11
members,11
protective,11
resistance,11
square,11
amazingI,11
larger.,11
sexy,11
beast,11
sick.,11
Cool,11
internal,11
nonetheless,11
Epix,11
protectors,11
loose,11
Over,11
dayI,11
seamlessly.,11
gen.,11
here.,11
Syncs,11
"however,",11
Mom,11
someone.,11
gifts.,11
"all,",11
Switched,11
one.Best,11
it.Excellent,11
friends.,11
old.,11
brick,11
Product.,11
easier.,11
tap,11
get.,11
1.,11
again.Love,11
expect.,11
grandson,11
flexibility,11
Improved,11
she’s,11
iPhone.Great,11
whenever,11
"buy,",11
press,11
(GPS),11
casual,11
heath,11
ONLY,11
holding,11
Pairs,11
great.Love,11
greatGreat,11
before.Love,11
ish,11
.Apple,11
marathon,11
depth,11
Doesn,11
brainer,11
minute,11
fault,11
Honestly,11
ios,11
Tracy,11
sign,11
Sales,11
Yet,11
damage,11
Do,11
swipe,11
cute,11
Spotify,11
Charging,11
purpose,11
"health,",11
40,11
"workouts,",11
"fast,",11
"iPhone,",10
sad,10
more!,10
further,10
car,10
Most,10
❤️,10
"model,",10
soft,10
snagging,10
hairs,10
whatsoever.,10
comparable,10
solar,10
flash.,10
Side,10
legitimate,10
far.Finally,10
announced.,10
lbs,10
clould,10
day!,10
type.,10
Out,10
mm.If,10
oozes,10
craftsmanship.,10
Didn't,10
Nomad,10
place.Amazing,10
classic,10
classicHaving,10
tested,10
shocking,10
presentation,10
recommending,10
climb,10
adventurers,10
regularly.I,10
dominant,10
tattoo,10
watches.Took,10
deep.,10
clearest,10
Shearwater,10
Suunto.,10
ready.,10
Suunto,10
computer.Fantastic,10
Fun.,10
bands.Love,10
button.This,10
variants,10
past.Premium,10
amazing.Bought,10
holder,10
dressed,10
"face,",10
power.,10
flashlight,10
"wear,",10
touches,10
dynamics,10
Polar,10
athletes.,10
mountain,10
referred,10
core,10
appreciate.,10
aesthetics,10
Besides,10
thicker,10
ruggedness,10
criticism,10
Diving,10
36,10
Series.,10
path,10
it.When,10
itBest,10
bands.This,10
"durable,",10
it!Love,10
Can't,10
bad.,10
all!,10
haven't,10
modern,10
replaces,10
awkward.,10
cut,10
come.Awesome,10
covering,10
appearance.Very,10
screen.Owning,10
delayed,10
Iove,10
cuality,10
problemSuper,10
models.Happy,10
colorFinally,10
driving.,10
connection.,10
fiddle,10
plugs.,10
tint.,10
keyboard.Looks,10
deliveryI,10
OK.,10
pulse.,10
outs,10
clasp,10
yes,10
safe,10
integrations,10
catches,10
corner.,10
againApple,10
Way,10
"price,",10
fingertips.,10
greatNice,10
"device,",10
Run,10
tasks,10
registered,10
xmas,10
club,10
I'd,10
songs,10
"series,",10
I’ll,10
Breathable,10
BUT,10
quality.Great,10
saturation,10
couldn't,10
closing,10
circles,10
Guided,10
"products,",10
shot,10
geek,10
features.A,10
outdoorsy,10
mountains,10
indeed,10
c,10
penny,10
talkie,10
detected,10
middle,10
bluetooth,10
ring,10
navigate.,10
faster.,10
wall,10
tend,10
outlet,10
iPhone.I,10
week.,10
Made,10
today.,10
looks.,10
watchBest,10
updates.,10
featuresLove,10
exceeds,10
Disappointed,10
wristband,10
relatively,10
stick,10
platform,10
phone.I,10
Enjoying,10
specially,10
great.Great,10
speaking,10
terrific.,10
watchband,10
saver,10
guard,10
difficult.,10
Am,10
promise,10
scratch.,10
lit,10
specific,10
Phone,10
aftermarket,10
experience.,10
signs,10
thought.,10
calorie,10
meet,10
primarily,10
fixed,10
emails.,10
lose,10
fingers,10
reasonable,10
only.,10
watch..,10
Hopefully,10
wrist.Love,10
some.,10
select,10
fancy,10
reminded,10
IPhone.,10
so.,10
directly,10
useless,10
salesman,10
definite,10
responding,10
dad,10
vibration,10
operate,10
frequent,10
Seamless,10
fall.,10
study,10
exercising.,10
transfer,10
watched,10
connecting,10
services.,10
routine,10
Comes,10
accessory,10
suppose,10
others.,10
colorGreat,10
Both,10
wanna,10
details,10
ignore,10
apart,10
fitting,10
done.,10
travel,10
Takes,10
cuz,10
turns,10
expansive,10
repairs,10
contacted,10
"fitness,",10
"tracking,",10
wasn't,10
watch.The,9
"5,",9
continuously,9
pics,9
Daily,9
Mind,9
exact,9
claims,9
hrs.,9
shop,9
os,9
fastly.,9
1.5,9
38mm,9
His,9
status,9
"box,",9
$100,9
"small,",9
sports.,9
dozens,9
/,9
microphones,9
attach,9
placed,9
killed,9
Dexcom,9
heard,9
purposes,9
serves,9
refresh,9
beefier,9
"charge,",9
developed,9
trail.,9
sleeping.,9
metrics,9
part.,9
date!,9
potential.,9
wonder,9
glasses.,9
more.I,9
book,9
frame.,9
Of,9
physically,9
"service,",9
"say,",9
Stays,9
Already,9
luckily,9
Outstanding,9
"read,",9
appearance,9
"item,",9
Purchase,9
hike,9
specs,9
giant,9
Apps,9
it.Awesome,9
Except,9
great.I,9
Watch.Love,9
holes,9
nicely.,9
it.Very,9
exercise.I,9
click,9
vibrating,9
notified,9
happens,9
atrial,9
he’s,9
Turns,9
generation.,9
"upgrade,",9
legit,9
routine.,9
Frontier,9
recognize,9
planning,9
purpose.,9
site,9
precious,9
variant,9
fifth,9
bunch,9
louder,9
"smartwatch,",9
wellness,9
brother,9
world.,9
Note,9
perfectly.Great,9
Main,9
upgrade.The,9
technology.I,9
items.,9
somehow,9
bold,9
product.Apple,9
box.I,9
graphics,9
Sometimes,9
rash,9
lifeThis,9
appearance.,9
colorLove,9
"Yes,",9
greatThis,9
loud,9
visible,9
accepts,9
depends,9
managed,9
o2,9
screen.Great,9
justify,9
dollars,9
movements,9
conscious,9
Functions,9
vehicle,9
airpods,9
screen.Love,9
purchaseGreat,9
Class,9
gonna,9
Holds,9
phoneGreat,9
Apple.My,9
comfy,9
code,9
obsessed,9
elite,9
behind,9
dedicated,9
virtually,9
kinda,9
discounted,9
nurse,9
increasing,9
duplicate,9
tremendous,9
list.,9
nobody,9
comprehensive,9
texting.,9
perfect.Love,9
generations.,9
itNice,9
telling,9
regrets,9
Max,9
aren,9
hole,9
Wouldn,9
..I,9
Father,9
biking,9
TO,9
Husband,9
trigger,9
walkie,9
Slightly,9
package,9
measurement,9
self,9
AOD,9
calendar,9
skip,9
shape,9
intuitive,9
standing,9
backtrack,9
defect,9
Liked,9
Ordered,9
length,9
Face,9
mistake,9
win,9
Texting,9
savvy,9
con,9
MM,9
.The,9
essential,9
known,9
kid,9
instructions,9
law,9
schedule,9
class,9
packaged,9
disappoint,9
common,9
mini,9
versatile,9
it!This,9
"expected,",9
"beautiful,",9
Mother’s,9
edition.,8
center,8
stores.,8
"Fitbit,",8
km,8
sync.,8
flip,8
"apple,",8
50%,8
"bright,",8
"everyday,",8
"expensive,",8
"in,",8
oriented,8
watch!I,8
"monitoring,",8
"amazing,",8
"looking,",8
Planning,8
materials,8
far!,8
reported,8
LTE,8
Hands,8
comfortable.The,8
sits,8
using.,8
cellular.,8
haptic,8
Biggest,8
Think,8
flimsy,8
premium.,8
planned,8
price.This,8
affect,8
tier,8
additions,8
"ever,",8
remains,8
"emails,",8
"ECG,",8
feet,8
"So,",8
Durability,8
productivity,8
it!Great,8
use!,8
16,8
evening,8
pm,8
WOW,8
perfectGreat,8
hasn’t,8
"feature,",8
"daughter,",8
Owned,8
winner,8
watch.Awesome,8
appear,8
enthusiast,8
She’s,8
maps,8
exclusively,8
meetings,8
Personally,8
.Excellent,8
Major,8
asks,8
appointments,8
applications.,8
days.I,8
component,8
abilities,8
disappointing,8
integrated,8
first.,8
usability,8
temperature.,8
Iphone.,8
seamless.,8
bringing,8
headphones,8
public,8
qwerty,8
two.,8
protection.,8
improved.,8
smoother,8
alerted,8
til,8
required,8
honest,8
now.The,8
performing,8
colors.I,8
elderly,8
people.,8
volume,8
remain,8
decision.,8
Garmin.,8
thinner,8
events,8
amazing.I,8
better.Love,8
baseline,8
outweigh,8
allow,8
versa,8
statement,8
across,8
raise,8
ideal,8
wonderful.,8
according,8
capable,8
heartrate,8
minutes.,8
staying,8
saving,8
described.,8
stuff.,8
itExcellent,8
motivating,8
Keep,8
brilliantly,8
percent.,8
it.Beautiful,8
concern,8
sales.,8
manager,8
neutral,8
User,8
Her,8
with.I,8
fir,8
uncomfortable.,8
useGreat,8
use.The,8
coolest,8
ways.,8
Sapphire,8
BATTERY,8
recharge.,8
programmed,8
Included,8
Car,8
accident.,8
theme,8
array,8
speakers.,8
adventurer.,8
ballpark,8
marketed,8
tear.,8
Luckily,8
immediately.,8
avid,8
cons,8
ran,8
occasions,8
usable,8
news,8
hits,8
reasons.,8
Needs,8
needs.,8
VERY,8
rounded,8
havent,8
rarely,8
competitive,8
inconvenient.,8
deaf,8
smoothly,8
breaks,8
beginning,8
promised.,8
wire,8
realized,8
opening,8
attached,8
broke.,8
mix,8
Call,8
hour.,8
primary,8
capability.,8
afraid,8
glucose,8
services,8
late,8
motivation,8
style.,8
advise,8
GF,8
Arrived,8
burn,8
gray,8
Tracking,8
carrying,8
oneLove,8
mom.,8
operates,8
finds,8
messages.,8
gf,8
kids,8
profile,8
hot,8
wished,8
ALL,8
front,8
Ask,8
Useful,8
fitbit.,8
Bright,8
sized,8
Store,8
surprise.,8
electronic,8
productive,8
checked,8
teenage,8
meeting,8
phone.Love,8
NO,8
contact,8
often.,8
sell,8
accidental,8
Spigen,8
husband.,8
tech.,8
whereas,8
purchaseLove,8
aspects,8
exchanged,8
SHE,8
shape.,8
better.This,8
FROM,8
Classy,8
Xmas,8
lacks,8
advanced,8
Bestbuy.,8
complain,8
upto,8
Gift,8
nice.I,8
defect.,8
network,8
confused,8
manufacturing,8
Care,8
rupees,8
Center,8
discontinued,8
Please,8
SE.,8
festival,8
Packaging,8
"version,",8
:),8
Every,7
Awsome,7
gentle,7
spare.,7
crisp,7
42mm,7
15,7
:,7
speedy,7
deliver,7
exchange,7
worst,7
basis,7
original.,7
love!,7
"looks,",7
again.It,7
irritate,7
gizmos,7
casually,7
previously.,7
boxes,7
hearing,7
evaluate,7
private,7
"perfect,",7
meaning,7
metrics.,7
estate,7
unit,7
state,7
art,7
activate,7
wasted,7
section,7
choose.,7
comparison.,7
obtrusive.,7
analog,7
exciting,7
provides.,7
buy!,7
brightness.,7
says.,7
wearable.,7
annoy,7
Between,7
indestructible,7
construction,7
benefit.,7
loss,7
pricing,7
customized,7
print,7
Certainly,7
future.The,7
suited,7
Velcro,7
field,7
days.The,7
uses.,7
heat,7
Build,7
it.love,7
sturdier,7
bending,7
Beat,7
functionality!,7
Band.,7
tank,7
lover,7
workout.I,7
noticing,7
"larger,",7
stepped,7
series.Great,7
large.I,7
rest.,7
for.I,7
awesome.I,7
risk,7
"look,",7
husbands,7
mirror,7
giftLove,7
width,7
wayfinder,7
sit,7
deserves,7
Easier,7
closer,7
awesome.Love,7
wrist.The,7
sold.,7
elements,7
alpine,7
dirty,7
falling,7
choosing,7
"runs,",7
cloud,7
shorter,7
cheap.,7
expense.,7
fibrillation,7
waterproof.,7
Any,7
Father’s,7
misses,7
Apparently,7
Ox,7
excuse,7
recharges,7
hospital,7
resolution.,7
encourage,7
forced,7
handle,7
lift,7
maximize,7
recharging,7
"night,",7
machine.,7
circle,7
line.,7
satisfy,7
figures,7
vacation,7
personalize,7
symbol,7
you.So,7
.Works,7
"texts,",7
awesome.Great,7
Workouts,7
chest,7
works.,7
watchPerfect,7
necessary,7
promotion,7
pool,7
LOT,7
GOOD,7
yr,7
basis.,7
rep,7
present.I,7
long.I,7
had.I,7
practical.,7
Hard,7
buckle,7
versions.Great,7
awesomeI,7
glitches,7
Terrific,7
pleasing,7
wrist.Great,7
synchs,7
weekend.,7
Until,7
buyThe,7
gadget.,7
abs,7
things.Love,7
this.Excellent,7
preventing,7
"longer,",7
together.,7
wouldn't,7
life.Awesome,7
worth.,7
multipurpose,7
heartbeat.,7
sons,7
fitted,7
niceGreat,7
faces.I,7
excellentGreat,7
productsMy,7
pre,7
installed.,7
recommendMy,7
purchasing.,7
speedier,7
watch.Bought,7
healthier,7
everyoneLove,7
Shipping,7
too!,7
accurate.I,7
de,7
ensure,7
converted,7
lil,7
convince,7
ChristmasGreat,7
dealing,7
downfall,7
flexible,7
read.Great,7
apples,7
Who,7
great.Awesome,7
iphone.I,7
Game,7
athlete.,7
Try,7
nice.Love,7
excercise,7
plus.Love,7
upgrade.Great,7
technician,7
Maps,7
differences.,7
Runs,7
advisor,7
plans,7
Bottom,7
readability,7
designs,7
"sensors,",7
"oxygen,",7
message.,7
hooked,7
MacBook,7
warrant,7
configuration,7
nuts,7
stats.,7
exception.,7
fashioned,7
ProMax,7
Lol,7
fight,7
hoops,7
social,7
media,7
features.Beautiful,7
layer,7
misplace,7
letter,7
"wise,",7
color!,7
east,7
rocks.,7
it.Fast,7
transition,7
itches,7
texted,7
out.I,7
work.I,7
forth,7
soon.I,7
HR,7
shocks,7
life.I,7
powerful,7
brilliant,7
comment,7
boy,7
replies,7
sweet,7
versatile.,7
mail,7
consuming,7
everywhere,7
slick,7
Digital,7
Girlfriend,7
jewelry,7
...,7
incoming,7
.Amazing,7
described,7
Birthday,7
website,7
Wanted,7
Stylish,7
medium,7
location,7
Mostly,7
surprisingly,7
complications,7
anyway,7
bumps,7
auto,7
management,7
ox,7
importantly,7
gesture,7
promised,7
total,7
cousin,7
newly,7
wireless,7
Should,7
phone.This,7
sophisticated,7
color.I,7
MM.,7
features.Nice,7
Love!,7
"more,",7
"work,",7
"off,",7
did!,7
"do,",7
Here,6
par,6
"outdoorsy,",6
"weight,",6
28,6
"1,",6
"with,",6
strong,6
bracelets,6
"Buy,",6
(if,6
"apps,",6
"case,",6
who’s,6
"again,",6
1-2,6
2000,6
male,6
it!!!!,6
"lightweight,",6
tax,6
performs.I,6
lifespan,6
tweaking,6
shutting,6
sporadic,6
charges.,6
couch,6
patato,6
schreen,6
meny,6
launch.,6
Mede,6
face.Best,6
beating,6
Ultra.I,6
diving.,6
fulfills,6
others.I,6
alerts.,6
specific.I,6
hobbies,6
camping,6
offroading.,6
dinner,6
notice.,6
cycling.,6
reduction,6
reduced,6
acceptance.Love,6
complaining,6
canceling,6
"tech,",6
stage,6
graphs.Lighter,6
moreAbsolutely,6
tech.This,6
them.As,6
fluidity.,6
pictures.,6
releases,6
accommodate,6
timepieces,6
"side,",6
direction,6
Wouldn’t,6
muted,6
"walks,",6
Sale,6
l,6
Fenix,6
Example,6
fix,6
always-on,6
20%,6
worries,6
Strava,6
fiancé,6
grad,6
"Unfortunately,",6
"useful,",6
"said,",6
"charger,",6
"functions,",6
expected!,6
(as,6
glitch,6
Tbh,6
"lot,",6
charm,6
"to,",6
"Otherwise,",6
ping,6
watch.A,6
.Nice,6
assistance,6
Oceanic,6
Finatic,6
Lastly,6
T,6
Buy.I,6
tv,6
intended,6
forest,6
sheets,6
photo,6
continuously.,6
enabled,6
Atleast,6
Brought,6
meI,6
meh,6
leaves,6
stayed,6
purchase.The,6
category.,6
buyGot,6
ago.,6
touching,6
headphones.,6
jarring,6
ear.,6
impression,6
round,6
instead.,6
valuable,6
cashier,6
Gear,6
separately,6
stupid,6
Full,6
consider,6
reset,6
used.,6
seniors,6
boyfriend,6
Everyone,6
offers.I,6
longest,6
prevent,6
friend.,6
features.This,6
Tells,6
it.Nice,6
testing,6
Watch.I,6
OS,6
recommend.Great,6
girlfriend.,6
size.Great,6
greatUpgraded,6
rough,6
important.,6
Links,6
them.I,6
Each,6
regularly,6
usual.,6
mirrors,6
breaker,6
vital,6
attractive.,6
stars.,6
discover,6
again.I,6
nickel,6
prompts,6
eco,6
music.,6
appleI,6
life.Love,6
features.Apple,6
noisy,6
situations.,6
cinch,6
averaging,6
gorgeous.,6
nylon,6
tight.,6
considerably,6
dims,6
integrate,6
Detection,6
fails,6
interest,6
membership,6
Action,6
stolen,6
max,6
good.This,6
trading,6
May,6
climbing,6
Period.,6
remaining,6
past.,6
remote,6
locations.,6
extend,6
Sure,6
try.,6
base,6
accidentally,6
do.The,6
ans,6
investment.,6
secured,6
iPhones.,6
overdue,6
tho,6
Forerunner,6
pro.,6
proved,6
silent,6
through.,6
leaving,6
monthly,6
plan.,6
hook,6
run.,6
situation,6
recommendI,6
forgetting,6
GET,6
hang,6
onto,6
amazingly,6
habits.,6
Might,6
itGood,6
financing,6
horrible,6
locating,6
Study.,6
input,6
quickly.LOVE,6
acquired,6
study.,6
protector.,6
thankful,6
burned.,6
different.I,6
upon,6
force,6
causing,6
betterI,6
disappointment,6
ripped,6
sensors.,6
Technology,6
sand,6
limitless.,6
recommendLove,6
offers.,6
kinds,6
recharged,6
green.,6
black.,6
begun,6
difficulties,6
quickly.Great,6
learn.,6
band.I,6
explore,6
opinion.,6
automatic,6
Then,6
depend,6
purchaseMy,6
answered,6
encountered,6
specifically,6
detection.,6
Mom.,6
by.,6
task,6
jobs,6
mother.,6
matching,6
Found,6
nearby.,6
curve,6
expected.I,6
employee,6
shocked,6
swimming.,6
search,6
vibrant,6
encouraged,6
granddaughter.,6
doctor.,6
Hoping,6
goodGreat,6
MUST,6
Allows,6
wider,6
room,6
struggle,6
prepared,6
refurbished,6
served,6
Total,6
perform,6
silence,6
worthwhile,6
weird,6
anyone.,6
adjust,6
sms,6
scrolling,6
purchase.It,6
update.,6
sitting,6
bump,6
figuring,6
colorI,6
Says,6
Save,6
flawlessly,6
Getting,6
falls,6
feature.Great,6
complement,6
iteration,6
it...,6
washed,6
mindful,6
bc,6
life.This,6
fear,6
typically,6
functional.,6
greatly,6
NEW,6
Fall,6
things.I,6
me.Love,6
watch.Good,6
OF,6
Smaller,6
BestBuy.,6
staff.,6
puts,6
notifies,6
Tech,6
fabulous,6
selfie,6
disappoints.,6
Needed,6
saver.,6
problems.,6
dying,6
pickup.,6
repeat,6
teacher,6
watchMy,6
lifeI,6
reply,6
versatility,6
itBought,6
Heath,6
These,6
thinks,6
clarity.,6
women,6
living,6
anyone.Love,6
owner,6
accustomed,6
it.Got,6
purse,6
locate,6
manual,6
hubby,6
responsive.,6
Vivosport,6
upgrades.,6
money.My,6
office,6
aside,6
good.Love,6
it.Works,6
reduce,6
smile,6
crossed,6
itWorks,6
benefits.,6
shouldn,6
day.Love,6
since.,6
oneGreat,6
replacement.,6
measuring,6
are.,6
connect.,6
count.,6
now.I,6
varies,6
Geek,6
Squad,6
fast.Great,6
appropriate,6
charm.,6
features.The,6
HER,6
Mac,6
unknown,6
always.,6
purchaseI,6
resistant.,6
Smooth,6
Huge,6
Cannot,6
seriously,6
phone.Bought,6
words,6
explain,6
watch.Got,6
EKG.,6
christmas,6
better.Great,6
Latest,6
meaningful,6
visually,6
itVery,6
Function,6
dependable,6
hermoso,6
bought.,6
relative,6
Design,6
sleeker,6
half.,6
Telegram,6
kick,6
offline,6
daily.I,6
refined,6
sucks.,6
result,6
reading.,6
gorgeous,6
requested,6
moderate,6
bang,6
smooth.,6
Integration,6
said.,6
etcI,6
expected.Great,6
interactive,6
Original,6
damaged.,6
applied,6
hence,6
sharing,6
Lovely,6
received.,6
hai,6
loads,6
INDIAN,6
FESTIVAL,6
weeks.,6
indian,6
festive,6
seller,6
packing,6
mark,6
discharged,6
Worst,6
USB-C,6
"app,",6
"cool,",6
"had,",6
it.It’s,6
hasn't,6
"does,",6
"4,",6
"options,",6
"GPS,",6
"devices,",6
"faster,",6
"calling,",6
what’s,6
"faces,",6
"mom,",6
purchase!,6
buyers,5
image,5
recieving,5
stock.,5
"money,",5
Don't,5
segment,5
findings,5
climbed,5
stairs,5
days.Call,5
vibrations,5
stopwatches,5
Calculate,5
Honor,5
vary,5
fantastically.,5
Timely,5
adaptor,5
30%,5
agent,5
brand.,5
absolutley,5
mark.,5
phones.,5
Where,5
Chinese,5
accurately.,5
r,5
Lenovo,5
inaccurate,5
Genuine,5
Poor,5
words.,5
attend,5
Waste,5
add-on,5
"first,",5
7.I,5
i'd,5
plentyLove,5
resistanceAmazing,5
incledible,5
features.Battery,5
petite,5
ventured,5
IMO.,5
lieu,5
Ultra.Ive,5
iterations,5
stood,5
"Lastly,",5
youll,5
"same,",5
SS,5
callers,5
agree.,5
marine,5
claim.,5
tucking,5
bracelet,5
Marine,5
UltraThis,5
Diabetic,5
balance,5
highly.,5
motorcycle,5
helmet,5
ends.,5
call.Overall.,5
(and,5
up!,5
"Now,",5
kicks,5
flight,5
believer,5
circumstances.,5
Custom,5
galore.,5
mountainbiking.,5
ebay,5
seasoned,5
polished,5
finer,5
preparing,5
pod,5
recovery,5
slowly,5
training.,5
satellites,5
useable,5
polishing,5
SBSS,5
endurance,5
nail,5
rich,5
competition.,5
listened,5
biking.,5
ItS,5
communicating,5
tether,5
Come,5
Yea,5
dying.,5
hitting,5
Exudes,5
worried.,5
anemic,5
heft,5
"athlete,",5
"but,",5
judgment,5
champ,5
shine,5
44mm.,5
wasnt,5
trades,5
proving,5
owner.,5
price.Best,5
unleash,5
website.,5
wear.This,5
bill.,5
Titanium.,5
sure.Great,5
bigger.I,5
Superior,5
Apple.Apple,5
resign,5
basketball,5
product.Replaced,5
temperatures,5
fluctuate,5
date.This,5
finest,5
fresh.,5
accompanied,5
eyes.Love,5
Ultra.Great,5
somebody,5
marks,5
fits.,5
fig,5
infinite,5
adjustability.,5
refreshing,5
moreUpgraded,5
visual,5
"level,",5
etcGreat,5
airy.I,5
60,5
Either,5
comeThis,5
weve,5
tge,5
voth,5
worlds,5
Additionally,5
WRONG,5
problems.Decided,5
wearJust,5
someExcellent,5
Three,5
perfect!,5
backtracking,5
lost.I,5
me.Incredible,5
Watch!!!,5
Scuba,5
wise.I,5
vibrant.Reall,5
trackersGreat,5
silicon,5
tattoos,5
unlocked,5
worn.,5
tighten,5
unlocked.,5
locked.,5
size.When,5
consideration.Absolutely,5
proper,5
crafted.This,5
DEFINITELY,5
LoL.,5
it.Best,5
banged,5
A+,5
choice.This,5
investments.The,5
chargeDefinitely,5
Doesn't,5
wrists.This,5
boxes.,5
Operate,5
big.Only,5
it.Went,5
Aesthetically,5
supplier,5
jobI,5
realy,5
modelsBest,5
comfort.Great,5
biggerIt,5
excited.,5
expression.Love,5
sunlight.Love,5
killer.,5
Cant,5
accessories.,5
yrsThe,5
charge.Upgraded,5
modelsFell,5
unfortanetlly,5
glovesGreat,5
promised.Best,5
Audio,5
designGreat,5
Reviewed,5
channel,5
dropped.Love,5
use.Best,5
brag,5
unbelievable.As,5
superior.,5
pro.Great,5
pennyExcellent,5
monitoringI,5
larger.Unbelievable,5
Aruba,5
Bonaire,5
spring..Screen,5
previousVery,5
awesome.Easy,5
widgets,5
on.Watch,5
plusI,5
nicePurchase,5
armLove,5
purchase.fantastic,5
responsiveApple,5
pleased.Excellent,5
LESS,5
days.Surprisingly,5
RunnersSapphire,5
silky,5
firm.,5
atmosphere,5
Well.the,5
coolNice,5
functions.This,5
featuresBig,5
tag.,5
Marathon.awesome,5
reliableThe,5
eyesI,5
fas,5
designer,5
movado,5
best.Best,5
distinctive,5
oneLonger,5
functionality.excellent,5
"myself,",5
jealous,5
bandsGreat,5
anybody..Nice,5
masculine,5
at.,5
$800,5
"durability,",5
"performance,",5
"before,",5
explorer,5
versionsGreat,5
you’ll,5
operation,5
rating.,5
compliments.,5
wrap,5
reality.,5
charging.I,5
types,5
amazing.My,5
knocked,5
avoid,5
sure.,5
Step,5
focused,5
"though,",5
recommendation,5
"thing,",5
s7,5
needy,5
employer,5
insurance.,5
print.,5
usable.,5
font.,5
pinging,5
Outlook,5
Calendar,5
digit,5
proprietary,5
cords,5
amp,5
diagnosis,5
semi,5
forgets,5
malfunction.,5
fixing,5
WHen,5
Golf,5
Shot,5
8th,5
hole.,5
fumes.,5
dispay,5
something.,5
hangin,5
reason.,5
"perfectly,",5
Join,5
outGot,5
nags,5
replacing.,5
scraped,5
price.My,5
does.I,5
been.,5
drawbacks,5
downward,5
position.,5
go.Outstanding,5
IMO,5
life.Excellent,5
Wearable.,5
defeats,5
segment.Absolutely,5
hesitated,5
delighted,5
time.Switched,5
entered.,5
Speak,5
round.Nike,5
downloadable,5
gaudy,5
join,5
masses,5
invaluable,5
"edition,",5
grey,5
barely.,5
OG,5
Pebble,5
some.The,5
Rep,5
questions.,5
incredible.Hear,5
year.So,5
work.Apple,5
focusing,5
picture.,5
SleepWatch,5
sleep.Best,5
amenities,5
GEN,5
Tight,5
911,5
txts,5
with.Took,5
10%,5
bu,5
pm.Very,5
interfaceIt,5
ihpone.very,5
White,5
trashed,5
outI,5
smartwatch.I,5
Senior.,5
Rings,5
daily.Accelerant,5
check.Need,5
accessory.Upgraded,5
Worthy,5
activities.Apple,5
yesssss,5
rocks,5
coolest.What,5
change.Upgraded,5
had.Absolutely,5
stock.My,5
Watch....,5
nit,5
though.Definitely,5
this.Idk,5
yearIt,5
sooner.,5
moreI,5
fanatic,5
square.,5
Epix.,5
fans.,5
inconvenience,5
many.,5
bringI,5
make.,5
display.This,5
dayAmazing,5
"stylish,",5
life.For,5
shattered,5
bandNice,5
changeable,5
style.I,5
burning.Great,5
look.Best,5
it.perfect,5
workouts.must,5
crystal.,5
see.Great,5
film,5
glass.I,5
bout,5
Hr,5
advance,5
is.The,5
toss,5
sheets.,5
"items,",5
catch.,5
performance.Awesome,5
realGreat,5
anybodyMy,5
watches.Much,5
glass.What,5
larger.Best,5
owned.Love,5
recommendReally,5
addition.Apple,5
Owners.,5
themThis,5
tolerable.,5
computed,5
replace.Series,5
usersPurchased,5
coolThe,5
issuesMuch,5
readability.,5
there's,5
low.This,5
day.Good,5
loved.,5
couchMy,5
dream,5
productThe,5
comfy.Very,5
now.Super,5
everywhereGreat,5
OS.GOT,5
SON,5
HE,5
COULD,5
QUALITYAwesome,5
boy.,5
paycheck.,5
Execelent,5
think.Made,5
substantial,5
leap.Good,5
itAfter,5
stuff...I,5
teaching.,5
upgrade.Awesome,5
sizeI,5
Nike.Apple,5
"purchased,",5
sight.,5
fRGreat,5
Delivered,5
handy.Love,5
longerEverything,5
revealing,5
outs.Reasonable,5
shops.,5
purchase.Hopefully,5
longerBest,5
quality.Still,5
Spendy,5
manyI,5
cell.,5
investment.Great,5
watch....love,5
read.Sleek,5
performanceReally,5
Wear,5
Durable.Love,5
manageable.Great,5
ow,5
bullies,5
lol.I,5
far.Love,5
sweating,5
wearThe,5
impressiveBest,5
hour.Cool,5
Stands,5
ones.The,5
specialist,5
usefully.,5
Ofcoursei,5
greatThe,5
requirement,5
day.Charges,5
AFIB.,5
functionality.Excelente,5
difference.Very,5
resourceful,5
light.Exceptional,5
appreciated.Bought,5
informedThis,5
Connectivity,5
combo.,5
regrets.Aside,5
pennyLove,5
had.Love,5
run.Love,5
great.Amazing,5
bandWatch,5
powerbrick,5
definately,5
covering.,5
Raptic,5
Appe,5
homework.,5
listening,5
musicThis,5
fantastic.One,5
appleLove,5
toGreat,5
graduate.,5
rateThis,5
gorgeous.The,5
old.Love,5
gym.Very,5
"Garmin,",5
shortest,5
customizeAwesome,5
ekg.,5
wrist.Very,5
Nike.,5
Club,5
Strava.,5
Garmin.Awesome.,5
crisp.Pretty,5
iPhonesGreat,5
do.Jumped,5
"fan,",5
faster.LOVE,5
"2,",5
regardless,5
unused,5
interacting,5
thingVery,5
phone.helps,5
messagesCool,5
ikjjiokisidjejdidjeiejshdy,5
HhxxhhsduuxhxhxhxhxhWaited,5
tied,5
optionsExtremely,5
fast..,5
condition.Upgraded,5
recommendGreat,5
hand.This,5
irregular,5
doctors,5
diagnose,5
Atrial,5
Fibulation.,5
correctedGot,5
faceplates.,5
goodLove,5
much.The,5
Impressed,5
Nobody,5
charger.Dont,5
appsI,5
cad,5
birthdaysDoes,5
preinstalled,5
learnI,5
AOI,5
recommend.Absolutely,5
dingy,5
LolIt,5
Wrist,5
sweaty.,5
breathable.,5
investmentI,5
dateRetired,5
regrats.Not,5
barring,5
provides.Big,5
batteryWorks,5
lio,5
one.xxxxxxxxxxxxxxxxxxxxxxxxxBest,5
familyI,5
faster.I,5
everyone.Love,5
servers,5
beyonfpd.Easy,5
bandPreviously,5
adapterComing,5
display.Jumped,5
brad,5
thereLove,5
assist,5
sensorGreat,5
correctlyWorth,5
wait!,5
deviceBest,5
difference.I,5
wondering,5
update.The,5
diff,5
greatHad,5
easier.Excellent,5
chargeOverall,5
faces.It,5
knew.,5
great.Does,5
Recommended.Nice,5
faces.This,5
pole,5
watchWas,5
recommendEl,5
nuevo,5
made.Upgraded,5
facesGreat,5
IphoneBought,5
awesomeTraded,5
AWesome,5
he's,5
watch..so,5
pluses.,5
bouncing,5
logos,5
funner,5
shipment.,5
again.This,5
visible.Using,5
people.Love,5
product.love,5
muchLoving,5
useful.Aye,5
speaks,5
itselfLove,5
themNice,5
valueThis,5
distances,5
map,5
run.Get,5
basisGreat,5
"fit,",5
have!,5
weakest,5
lineup.,5
garmin.Work,5
itLarge,5
better.As,5
"always,",5
screen.Dope,5
..this,5
responsiveGreat,5
glasses.Upgraded,5
fed,5
screws,5
sents,5
Priority,5
FIRST,5
complaints.Very,5
recommend.Huge,5
hadExcellent,5
straightforward,5
thingFirst,5
noneHad,5
colors..,5
colorsGreat,5
outLike,5
Fantastic.,5
anyone.This,5
purchase.Like,5
sportyGot,5
shapeExcellent,5
doesThe,5
on.Feels,5
performance.Love,5
amazing.Nice,5
happyThis,5
excises,5
recommendGave,5
Gifts,5
watchGet,5
myself.Very,5
everywhere.Only,5
watchGood,5
difference.This,5
fitnessExelent,5
list.Great,5
costumer,5
serviceApple,5
againThis,5
offerVery,5
messagesThe,5
screenNike,5
themes,5
awesomeWow,5
watchFantastic,5
lifestyleWatch,5
sharp.,5
didChristmas,5
editionChristmas,5
editionWorks,5
shouldLove,5
balanced.Trade,5
upgrade.So,5
seemly,5
model.Excellent,5
Picked,5
easy.Love,5
freeHave,5
moneyTypical,5
to.Third,5
they’ve,5
excellent.Love,5
gadgetGreat,5
productEXCELENTE,5
ES,5
HERMOSO,5
EL,5
SIN,5
UNA,5
BUENA,5
COMPRA.Excellent,5
ever.Just,5
watch.very,5
itAwesome,5
jogging,5
WatchLike,5
lolAmazing,5
navigate.Upgraded,5
qualityLove,5
Christmas.I,5
ver,5
incredibleThe,5
thorough,5
knowledgeable.This,5
day.Best,5
outGreat,5
fantastic.My,5
amazingi,5
youFast,5
days.Overall,5
marketPurchased,5
happier.Must,5
AmazingUpgraded,5
youve,5
faster.Hoping,5
display.Only,5
great.Seems,5
hourNot,5
seams,5
watchPretty,5
extras.,5
firstThis,5
fault.,5
Plans,5
dismay,5
no.,5
guided,5
required.,5
productive.,5
“,5
hehe.,5
whatsoever.Great,5
clashes,5
(no,5
happen.Nice,5
spectacularI,5
meThis,5
Bozeman,5
MT,5
generic,5
Walmart.,5
fun.The,5
less.Love,5
implemented,5
circular,5
"But,",5
rework.,5
diabetics,5
well.battery,5
longThis,5
highlighted,5
scribble,5
measurementOverall,5
Midnight.,5
Silver,5
Black.,5
noting,5
aptly,5
named,5
represent,5
starlight.Not,5
cheaper.,5
Or,5
watch.Poor,5
scammed,5
struggled,5
system.,5
smashed.,5
Ultimately,5
majority,5
drives,5
habit,5
eyesight,5
established,5
legacy,5
"addition,",5
Saved,5
fact.,5
dispute,5
denied.,5
cruel,5
comments,5
calls.Phone,5
chargerSo,5
cool.Be,5
it.Constantly,5
restating,5
resets,5
mins.,5
Known,5
issueLove,5
amazing.Upgraded,5
feature.The,5
charge.Had,5
also.Bought,5
soup.I,5
see.The,5
models.Works,5
shape.Bought,5
instrumental.,5
tint,5
alway,5
today.First,5
nice.love,5
purchase.Series,5
watch.Late,5
afterUpgraded,5
drawing,5
responders.,5
ECG..Amazing,5
featured.I,5
problem.Great,5
schoolStill,5
trendy,5
top.This,5
awful,5
shape.Absolutely,5
Watch.Nice,5
difference.Great,5
expected.Beautiful,5
recommended.Apple,5
upReally,5
amazing.Recently,5
sleek.Beautiful,5
recommend.Beautiful,5
sats.This,5
visible.Excellent,5
up.Love,5
hardware.If,5
ok.Love,5
FitBit.I,5
life.My,5
too.Replacement,5
selecting,5
cover.,5
else.Right,5
meetings.Super,5
small.Love,5
graphics.Great,5
IPhone.This,5
processingReally,5
add.Love,5
watchAmazing,5
anyoneGreat,5
chargingAwesome,5
productGreat,5
too.Easy,5
clearVery,5
appGreat,5
seamless.Best,5
featuresBest,5
market!,5
purchase.Excellent,5
monitoring.Beautiful,5
appsThe,5
nice.Nice,5
brighterVery,5
stunningLove,5
see.Beautiful,5
them.Watch,5
one.It,5
decision.First,5
Display.,5
Gym.,5
purchaseIt,5
goodPreodered,5
theres.The,5
AOD.On,5
Hope,5
moneyTotal,5
game.,5
handsfree,5
situations,5
button.,5
sun,5
sos,5
ft,5
responsiveness,5
Anyway,5
sharper.,5
reality,5
heavily,5
otherwise.I,5
impress,5
beware,5
applewatch,5
ex,5
clear.It,5
.Bought,5
display.Love,5
Though,5
discharge,5
styling,5
Target,5
Crown,5
medication,5
cases,5
enjoyable,5
inch,5
nearby,5
yesterday,5
pin,5
counter,5
beautiful.I,5
accident,5
correctly,5
board,5
have.Great,5
Fabulous,5
Monitoring,5
precision,5
Cons,5
snug,5
directions,5
Haven,5
Gave,5
tapping,5
classy,5
pad,5
advice,5
pause,5
aps,5
door,5
AMAZING,5
bonus,5
salesperson,5
differently,5
cooking,5
pieces,5
Afib,5
verified,5
THAT,5
gear,5
High,5
face.I,5
healthy,5
factor,5
Similar,5
fiance,5
RED,5
covid,5
fruit,5
outdated,5
holiday,5
anymore,5
buck,5
Sturdy,5
weekly,5
Serious,5
accountability,5
ki,5
Back,5
upgrade!,5
"have,",5
"activity,",5
life!,5
"Stylish,",5
3I,5
"pricey,",5
"user,",5
I'll,5
"too,",5
"etc,",5
"monitor,",5
Mother's,5
"hand,",5
38,5
3.Great,5
"weather,",5
"ago,",5
"condition,",5
shouldn’t,5
gift!,5
Top,4
5%,4
g-shocks,4
"exclusively,",4
74%,4
(straight,4
charged).,4
top-notch,4
"$100,",4
28+,4
$799,4
$400ish,4
"differences,",4
build-quality,4
"card,",4
6’6”,4
275,4
"surface,",4
"terrible,",4
time.I’d,4
charge!I,4
favorite!,4
recommend!It’s,4
"day’s,",4
"I""ve",4
99%,4
"dive,",4
"mountains,",4
7.Apple,4
ultra!,4
Oceanic+,4
[possibly,4
three],4
'not,4
much'.,4
"Finatic,",4
"Watches,",4
"overall,",4
changer!,4
and/or,4
"meetings,",4
Epix2,4
"swimming,",4
aren’t,4
"heavy,",4
"button,",4
3),4
"daily,",4
"run,",4
outstanding!,4
$50,4
"depth,",4
"titanium,",4
(not,4
"made,",4
"then,",4
"improved,",4
products!,4
2022,4
"large,",4
"feel,",4
"others,",4
"for,",4
had!,4
"functionality,",4
L,4
45mm),4
around!,4
6!,4
password’s.,4
Buy!,4
brainer…..I,4
anything!Been,4
13.,4
spent!Great,4
use!!love,4
love!I,4
"maps,",4
90,4
"brighter,",4
100,4
"tracker,",4
"worse,",4
don’t.,4
Let's,4
"away,",4
"long,",4
you'll,4
it!Bought,4
owned!,4
7.Great,4
difference!,4
walkie-talkie,4
"sexy,",4
Apple!!!,4
3.Love,4
"fantastic,",4
Watch;,4
"EKG,",4
"Honestly,",4
"sensor,",4
"silver,",4
"updates,",4
17,4
breath,4
hr,4
inches,4
siting,4
laying,4
vidiogames,4
joking,4
Hadn,4
instance,4
now.It,4
lightweight.I,4
adventure,4
overkill,4
terrific,4
far.Excellent,4
recommendIt,4
.Good,4
pace,4
mm.I,4
proactively,4
changes.This,4
product.Finally,4
updated.State,4
Art,4
face.Transitioned,4
wallpaper,4
penny.First,4
osGreat,4
lookingNice,4
everyone.Amazing,4
gap,4
expose,4
structures.,4
embed,4
gap.,4
glue,4
residue,4
cable.,4
defects.,4
returned.I,4
teammates,4
fitnes,4
tracing,4
full.,4
brush,4
teeth,4
everytime.,4
preferring,4
daiily,4
upcomming,4
proceedure,4
tucks,4
hair,4
nususanceSteady,4
advances,4
Kinda,4
wild,4
longer.I,4
luxury,4
anticipated.,4
disappointed.,4
phone.Great,4
MORE,4
please.,4
FAST,4
panic,4
erase,4
beats,4
issue.This,4
occasionally,4
employees,4
male.,4
miniature,4
readily,4
limiting,4
product.This,4
numbers,4
starlight.,4
expectationsGreat,4
insanely,4
processing,4
onApple,4
amaze,4
support.,4
good.My,4
bug,4
wristbands,4
software.,4
welcome,4
phoneUpgraded,4
upgradeLove,4
beneficial,4
itPerfect,4
expensive.I,4
out.Love,4
chargeLove,4
Choice,4
usefulGreat,4
FitBit.,4
watch.Best,4
fitnessI,4
recommendUpgraded,4
mu,4
New.,4
liked.,4
vest,4
watchVery,4
Workout,4
large.,4
camper,4
deciton,4
witch,4
trouble.I,4
starlight.Awesome,4
Buy.Great,4
thermometer,4
baseline.,4
assume,4
range.,4
move.,4
entered,4
MyFitnessPal,4
manually,4
Taking,4
drawbacks.I,4
facilitating,4
cross,4
control.,4
rapid,4
shut,4
signs.,4
Than,4
aunt,4
Bostons,4
University,4
street.,4
Tonya,4
Paris,4
week.I,4
bulky.This,4
Bonus,4
StarlightExcellent,4
IWatch.,4
this.Typical,4
daylight.,4
cheapo,4
imitation,4
charting,4
priceless,4
AFIB.I,4
product.No,4
could.,4
memory.,4
scare,4
Buying,4
recognition,4
contain,4
tab,4
returns,4
journey.,4
flawlessly.,4
brainer.,4
Looked,4
disappointedGreat,4
numerous,4
useI,4
thrilled.,4
cardiac,4
lead,4
vitals,4
versions.Love,4
goal.,4
Changed,4
loooove,4
great.Good,4
Working,4
Meets,4
wont,4
walk.,4
nice.Excellent,4
recommend.Love,4
notifications.The,4
Wonderful,4
lifeApple,4
girls,4
useVery,4
account.,4
watch.My,4
watchIt,4
pickedExcellent.,4
custom,4
mine.It,4
caloriesGood,4
everytime,4
workingWith,4
volt,4
chargers.,4
Mates,4
ridiculously,4
stiock,4
immediately.The,4
restriction,4
above.,4
watchbands,4
supplies,4
apply,4
safeguarded,4
sweat,4
red.,4
responsive.Beautiful,4
universal,4
keeper,4
rude,4
elsewhereApple,4
evaluation,4
dr.I,4
bedtime.I,4
is.I,4
workouts.Amazing.,4
and.,4
mic,4
available.Finally,4
Reps,4
get.I,4
planet,4
feature.I,4
totaltech,4
oh,4
damage.,4
Beyond,4
remorse,4
enjoy.,4
alsoGreat,4
Seeing,4
QWERTY,4
longer.Love,4
Specially,4
one.Upgraded,4
selling,4
though.So,4
schedule.,4
Returned,4
warn,4
yearly,4
AM,4
PM,4
everI,4
Crystal,4
printed,4
great.Excellent,4
greatest.Great,4
dor,4
rugged.,4
features.Good,4
awful.,4
warehouse,4
depths,4
ocean.,4
skiing,4
winter.,4
Nope,4
gushing,4
matt,4
raised,4
polished.,4
diamond,4
hardness.,4
brightly,4
bliss.,4
squint,4
prescription,4
REALLY,4
sunlight,4
outdoors.,4
crown.,4
encapsulated,4
operate.,4
puppy,4
plucked,4
obsess,4
Worrying,4
elongated,4
Button.,4
Flashlight.,4
Shortcut,4
programmability,4
future.,4
Health.,4
sensing,4
ladies,4
ovulation,4
nights.,4
pinpoint,4
Sensors,4
reports,4
Sensor,4
triggered,4
roller,4
coaster,4
authorities,4
triple,4
remotely,4
created,4
Orange,4
smack,4
clank,4
ounces,4
Steel.,4
marketing,4
dissuade,4
athletic,4
Space.,4
Yes.,4
admission.I,4
towards.,4
durabilty,4
interfaces,4
models.Upgraded,4
stronger,4
scraping,4
banging,4
somehow.,4
waypoints,4
hunting,4
flimsy.,4
YAG,4
toughest,4
Worn,4
abuse,4
collected,4
relieved,4
ALSO,4
well.The,4
coupled,4
distinct,4
.Was,4
refuses,4
tis,4
feedback.I,4
giftThe,4
refresh.,4
welcomed,4
watch.Simply,4
AWU.Fall,4
sight,4
watch.loving,4
isnt,4
background,4
city,4
Peloton,4
trusty,4
M,4
Chicago,4
Marathon,4
accuracy.,4
b,4
closest,4
signal,4
ride,4
facing,4
requesting,4
mornings.,4
haptics,4
connected.,4
fee,4
provider,4
loops,4
conveniences,4
discovered,4
hikes,4
navigation,4
submerged,4
removing,4
readable.,4
tricks.,4
bulkier,4
pleased.This,4
tag,4
h,4
exceptionally,4
similarly,4
mode.,4
assisted,4
pleasure,4
aspect.,4
light.,4
it.Had,4
biased,4
experience.Love,4
later.,4
telephone,4
latch,4
fragile,4
price.The,4
enthusiasts,4
anyone.I,4
despite,4
txt,4
inspiring,4
expected..,4
fascinated,4
WOW.,4
versus,4
soooo,4
daysI,4
active.This,4
ZERO,4
brainier.,4
mistakes.,4
hunt,4
off.I,4
leery,4
Clock,4
rotating,4
Including,4
fur,4
post.,4
Researchers,4
assigning,4
accomplish,4
burn.,4
offers.This,4
admittedly,4
brained,4
vitals.,4
participate,4
hrs.I,4
scratched.,4
otherwise.Apple,4
seconds.,4
Uv,4
levels.This,4
becuase,4
cang,4
vibrate,4
wasy,4
def,4
grades,4
slept.,4
FitbBit,4
too.The,4
awsome,4
recomend,4
exit.I,4
regulate,4
upstairs,4
downstairs.Loving,4
photosIt,4
added.After,4
rating,4
whom,4
agreed,4
more.Very,4
assembled,4
age.,4
Sorry,4
plus.The,4
proof.I,4
priceApple,4
product..,4
electronics,4
Buy.Love,4
myself.So,4
futures,4
Specs,4
resolve,4
Beware,4
mention.,4
y,4
clean.,4
snake,4
paying,4
scan,4
comfortableThis,4
styles,4
oneVery,4
contour,4
kid.,4
toy,4
places,4
Make,4
blue.,4
confusion,4
anything.,4
package.,4
reviewing,4
instant,4
home.,4
necessarily,4
displaying,4
programs.,4
desk,4
format,4
colored,4
appealing.,4
attention,4
getting.,4
squeeze,4
official,4
navigation.,4
morning.,4
Our,4
remarkably,4
watches.My,4
slow,4
sort,4
How,4
wilderness,4
source.,4
settled,4
presents,4
websites,4
tips,4
smashed,4
dependent,4
benefit,4
locator,4
was.,4
observation,4
general.,4
problem.I,4
sisters,4
connectivity.,4
mindfulness,4
controls,4
oxygen.,4
offline.,4
technically,4
savvy.,4
sided,4
Charger,4
plastic,4
following,4
Active,4
meter,4
sat,4
dumb,4
goofy,4
event,4
WAY,4
though.My,4
transitioned,4
arrhythmia,4
tricky,4
Valentines,4
anytime,4
suggests,4
mine.,4
simplicity,4
goal,4
awake,4
hours.This,4
older.,4
plunge,4
Fitbits,4
warranty.,4
Mouse,4
Provides,4
direct,4
gold.,4
family.,4
native,4
admiring,4
AppleWatch,4
board.,4
involved,4
anymore.Love,4
surprised.,4
managing,4
teach,4
blown,4
itAs,4
sorts,4
Receiving,4
Heartline,4
this.Very,4
mile,4
reaching,4
wonderfully.,4
sizing,4
richer,4
silver.,4
detail.,4
law.,4
farI,4
sorting,4
touch.,4
odd,4
care.,4
beat.,4
watchNice,4
Helpful,4
motivate,4
day.Very,4
weather.,4
scroll,4
raising,4
model.This,4
watch....I,4
controlling,4
featuresThis,4
hubby.,4
upgradeA,4
manage.,4
placing,4
cancel,4
proven,4
discussed,4
critical,4
purchaseGot,4
Products.,4
fingerprint,4
downloaded,4
Staff,4
communicate,4
one.This,4
opinion.This,4
unsure,4
becoming,4
impossible,4
rates.,4
arrive.,4
supply,4
perfectlyI,4
pushing,4
offset,4
gathering,4
Hubby,4
leftI,4
retired,4
longer.Good,4
Compatible,4
tell.,4
service.Great,4
surely,4
potential,4
IPad.,4
wallet,4
rings.,4
productI,4
fitness.Great,4
Fun,4
entirely,4
substitute,4
adding,4
collection.,4
less.,4
technical,4
hassle.,4
abilities.,4
runs.,4
addition.,4
trackerI,4
rocking,4
data.,4
IT.,4
oxymeter,4
amazes,4
WATCH.,4
HAD,4
YOUR,4
STILL,4
steep,4
LOVED,4
Salesperson,4
fitVery,4
color.Easy,4
wear.Great,4
died.,4
transaction,4
great.My,4
greatAmazing,4
store.I,4
paid.,4
deal.Great,4
upload,4
Comfortable.,4
Check,4
recommend.This,4
mi,4
enoughLove,4
contemplated,4
purchase.Bought,4
help.,4
Convenient,4
good.Excellent,4
mad,4
Box,4
handled,4
carefully,4
providing,4
parts,4
wedding,4
Fitbit.My,4
Safe,4
adapted,4
somewhere,4
muchLove,4
myself.I,4
smoothly.,4
display.Great,4
longer.Great,4
Without,4
use.Nice,4
knowledge,4
ThanksLove,4
application,4
It.,4
routines.,4
rapidly,4
specifications,4
feel.,4
desired,4
yard,4
wear.Love,4
organized,4
task.,4
features.Excellent,4
thru,4
Pleased,4
great.The,4
eyes.,4
everyone.I,4
client.,4
Discovered,4
lives,4
features..,4
advised,4
feature.Apple,4
convenientLove,4
pricematched,4
throw,4
trackers.,4
weight.,4
Siri.,4
Learns,4
efficiently,4
phone.Very,4
again.Nice,4
models.Great,4
vast,4
warmed,4
stellar.,4
her.I,4
tooExcellent,4
ER,4
symptoms,4
upgrade.Love,4
Far,4
adult,4
sometime,4
grocery,4
siri,4
reminders.I,4
Time,4
breaths.,4
face.This,4
Exceeded,4
it.Really,4
prettier,4
me.My,4
Accurate,4
marginally,4
wearThis,4
parents,4
ratio,4
grandson.,4
delivered.,4
dismiss,4
better.Excellent,4
level.I,4
purchase.This,4
night.Excellent,4
baseball,4
one.My,4
Fitbits.,4
Multi,4
functionalLove,4
Images,4
footprint,4
Dont,4
itExactly,4
Mickey,4
loveGreat,4
Added,4
cube,4
plugging,4
in.Love,4
expected.Got,4
everydayVery,4
Comfort,4
earbuds,4
know.,4
falls.,4
iPhone.This,4
counting,4
fabulous.,4
generally,4
extras,4
met.,4
detecting,4
web,4
SERIES,4
tracking.Great,4
sooner.Love,4
Mothers,4
occasion.,4
inaccurate.,4
niceI,4
series.I,4
reader,4
Change,4
breeze,4
use.Love,4
da,4
Wearing,4
pauses,4
Requires,4
Initially,4
JUST,4
up.I,4
inconvenient,4
Slim,4
quality.This,4
convert,4
kicking,4
practically,4
usefull,4
outside.,4
Open,4
UP,4
advantage.,4
roughness,4
watchExcellent,4
Smartwatch,4
to.Love,4
performer.,4
wear.I,4
jawn,4
characters,4
life..,4
complicated,4
imagined,4
grown,4
yo,4
ago.Love,4
informed.,4
wanted.Bought,4
acting,4
whistles.,4
walking.,4
usefulness,4
series.This,4
BOUGHT,4
hates,4
buyI,4
Quite,4
great.This,4
Pulse,4
about.I,4
well.Pretty,4
Wrong,4
eats,4
fast.Apple,4
Recipient,4
shes,4
hereI,4
soo,4
pleased.Great,4
reminders.,4
product.Love,4
again.Great,4
wearLove,4
dependable.,4
longer.This,4
compact,4
absolutly,4
amazingLove,4
surprising,4
shower.,4
capability,4
offersGreat,4
watchWe,4
Xmas.,4
mistake.,4
packaging.,4
batery,4
DAUGHTER,4
AW.,4
upset,4
company.,4
display.As,4
amazingly.,4
Representative,4
port,4
Giving,4
purchase.Great,4
match.Love,4
activitiesLove,4
brother.,4
recommendBought,4
betterGreat,4
assistant,4
process.,4
accessed,4
Products,4
watchThe,4
fastThis,4
too.Love,4
recommend.Very,4
out.Very,4
great.Perfect,4
helpful.I,4
minimal,4
nursing,4
clinical,4
clothes.,4
amazing.Great,4
disconnecting,4
considered,4
Connected,4
negatives,4
handwashing,4
observed,4
hourly,4
air,4
synch,4
reviews.,4
generation.Great,4
recommendedThis,4
recommendNice,4
expecting.,4
watch...,4
Apple.Great,4
tooGreat,4
WhatsApp,4
Set,4
Completely,4
therefore,4
Keyboard,4
amazing.The,4
issues.Love,4
it.Pretty,4
enhances,4
irritation.,4
gift.I,4
Support,4
itself.,4
Enjoy,4
Your,4
costly.,4
worst.,4
anyway.,4
complaints.I,4
receipt,4
serial,4
champagne,4
bag,4
recognized,4
admit,4
ceramic,4
gas,4
efficient.,4
you.The,4
industry,4
recommend.The,4
MacBooks.,4
saves,4
upcoming,4
workhorse,4
interface.,4
colorful,4
facility,4
language.,4
bling,4
exercises.The,4
anymore.I,4
Two,4
features.Very,4
shown,4
elegant.,4
everApple,4
use.Excellent,4
Podcasts,4
Touch,4
featuresNice,4
colorExcellent,4
feature.Love,4
features.Best,4
Minor,4
health.The,4
customizable.,4
shame.,4
Downside,4
featuresBought,4
highlight,4
safely,4
phoneI,4
colorThis,4
loves.,4
wristGreat,4
buying.,4
People,4
use.great,4
smart.,4
Love.,4
paring,4
cycling,4
About,4
sex,4
sadly,4
Airtel,4
porting,4
Jio.,4
conveniently.,4
adjusting,4
bedtimes.,4
Jio,4
Feel,4
Cost,4
SBI,4
watt,4
products.Major,4
availability.,4
Bug,4
Manually,4
encash,4
curiosity,4
then.,4
keen,4
Incredible,4
happily,4
adopter,4
faetures,4
authentic.,4
classy.,4
disappoints,4
wali,4
nahi,4
pls,4
Track,4
denies,4
deny,4
visits,4
chargeable,4
prize,4
Amazfit,4
procuring,4
gadgets.,4
completely.,4
Table,4
Tennis,4
replying,4
gestures,4
motorbike,4
Temperature,4
choice.Hope,4
collection.Fits,4
discount.Overall,4
priority,4
lacs,4
burning,4
chip,4
sibling,4
differentiation,4
Initial,4
environment,4
dilemma,4
brands.,4
feelings,4
wasting,4
feared,4
games,4
videos,4
Atlast,4
bad..not,4
qulity,4
season,4
Festival,4
k.,4
becse,4
shuld,4
draining,4
esim,4
Primary,4
U,4
Distance,4
poor.,4
Pls,4
conversation,4
travelling,4
product.Battery,4
partly,4
crap,4
assembling,4
redirected,4
contentiously,4
arrangement,4
page.,4
frustrating,4
online.PLEASE,4
DONT,4
PRODUCTS,4
AMAZON,4
Pathetic,4
realise,4
random,4
ipad,4
Authorized,4
Horrible,4
Satisfied,4
defective.,4
accepting,4
colour.,4
Appario,4
Prime,4
fraud,4
Cable,4
India,4
"friends,",4
5th,4
“always,4
on”,4
⌚️,4
"ecosystem,",4
"new,",4
doesn't.,4
(or,4
"charging,",4
"ok,",4
"sleek,",4
"handy,",4
6th,4
"timers,",4
"works,",4
11,4
great!!,4
"bands,",4
"finish,",4
"Steel,",4
pleased!,4
"point,",4
"times,",4
"best,",4
best!,4
"issues,",4
"changes,",4
$130,4
non-cellular,4
"date,",4
Didn’t,4
24/7,4
"easier,",4
it!My,4
"detection,",4
aren't,4
"reminders,",4
"present,",4
"like,",4
Doesn’t,4
"now,",4
"has,",4
3.I,4
everything!,4
There’s,4
great…,4
"months,",4
"running,",4
wife!,4
!!!,4
it!Very,4
"walking,",4
41MM,4
"experience,",4
AW7,4
25k,4
140,4
demerit,3
casion,3
gshock,3
th...,3
disadvantage,3
denying,3
anything.Seriously,3
reliance,3
croma,3
atleast,3
Osmm,3
ka,3
blowing,3
👍,3
Supper,3
individuals,3
commonsense,3
safely.,3
.Sharing,3
trackings,3
buy....no,3
this...the,3
notch...if,3
fullest,3
iPhone....,3
bands....,3
badminton,3
evening.,3
Positive,3
free.,3
Negative,3
product.Superb,3
watch.Just,3
buddy.Only,3
protected,3
womens.,3
Manufacturers,3
defact,3
responsibility,3
Handsup,3
Goood,3
republic,3
loaner,3
tone,3
arrogant,3
Sidhu,3
chalwad,3
Pune.,3
deserve,3
elart,3
Gud,3
.Except,3
.Apart,3
Inaccurate,3
etc.Really,3
Grater,3
superfast,3
kart,3
Inc.,3
AndFlipkart,3
ware,3
AWSM,3
watch…,3
prodect,3
Sweet,3
!Love,3
"reliable,",3
"here,",3
"yourself,",3
(a,3
w/,3
they’ll,3
"workout,",3
"Personally,",3
better!,3
"Finally,",3
"usual,",3
"change,",3
"hesitate,",3
"mode,",3
"conditions,",3
"stars,",3
people’s,3
time!,3
years!,3
options!,3
me!I,3
far…,3
"SE,",3
90%,3
33%,3
eyes),3
crowd,3
racking,3
enough.You,3
NatGeo,3
duty,3
stats.Band,3
utilize.,3
packs,3
punch,3
so.This,3
inception.,3
snappy,3
scheme.This,3
to.Off,3
Past,3
one.Overall,3
gain,3
initially.,3
complaints.The,3
pun,3
fonts,3
small.Works,3
nowI,3
it.Incredible,3
bolder,3
features.Like,3
varied,3
conditions.I,3
concernThis,3
farAn,3
"iWatch,",3
bar.,3
produced.,3
crappy,3
rear.,3
Velcro.I,3
Ultra.Love,3
it...I,3
suspicious,3
huge.Love,3
thing!,3
be.Awesome,3
bright.I,3
perfectlyFirst,3
hasEasy,3
valueExcellent,3
park,3
upgradeFantastic,3
football,3
unfair,3
restock,3
feeThis,3
upgrade.Watch,3
folks,3
AW.Nice,3
sizeThis,3
Nit,3
aka,3
construction.,3
gloves,3
announced,3
strange,3
insistence,3
supposedly,3
"person,",3
surrounding,3
contrast.,3
material.,3
gunmetal,3
vibe.,3
"wrists,",3
overpower,3
"general,",3
SUV,3
Rivian,3
Bronco.,3
Pleasantly,3
(only,3
"so,",3
husband’s,3
He’s,3
3!,3
"improvement,",3
"active,",3
Apple!,3
Excellent!,3
Buy!Great,3
"exercises,",3
"music,",3
"biking,",3
"school,",3
"Durable,",3
"need,",3
"temp,",3
"count,",3
100%.,3
watch!Very,3
use!Love,3
good!Love,3
watch-,3
I-watch,3
purchase!Great,3
"touch,",3
"done,",3
"often,",3
it!Just,3
function’s.,3
this!,3
shipping!,3
5/5Love,3
"pace,",3
"go,",3
"Although,",3
"example,",3
"generations,",3
"proof,",3
02,3
=,3
44mm.I,3
.There,3
notch..,3
now.Battery,3
Km,3
Voice,3
drivingFunction,3
meditation,3
footsteps,3
MI,3
Beauty,3
elsewhere,3
TD,3
G,3
motorcyclist,3
pilot,3
skier,3
decretive,3
Rather,3
H,3
mon,3
AWS,3
scarce,3
female,3
along.I,3
stretches,3
Herm,3
imo,3
REAL,3
youtube,3
settings.It,3
spendy,3
Perfection,3
Steroids,3
eagerly,3
situations.Awesome,3
NICE,3
.Awesome,3
fat,3
Moreover,3
recommend.It,3
buy.I,3
FANTASTIC,3
seriousness,3
seri,3
UNTIL,3
right.First,3
desired.It,3
bandwagon,3
flights,3
upgradedDidn,3
tooIt,3
tooAmazing,3
dosen,3
instantaneous,3
Sadly,3
Ever,3
.Watch,3
VOmax,3
cycling.It,3
EASY,3
USE,3
satisfiedAwesome,3
.he,3
.so,3
years.Excelente,3
reliability,3
purchase.That,3
facesI,3
own.First,3
wear.AMAZING,3
expectation,3
schedules,3
disappointed.Dependable,3
seenA,3
super.It,3
mmLove,3
Y,3
edici,3
Functional,3
laptops,3
tablets,3
perfectly.Amazing,3
insurance,3
CLASS,3
can.mm,3
yr.Good,3
apps.Excellent,3
DISE,3
O.,3
DUDAS,3
v,3
mmI,3
Anthracite,3
mute,3
withholds,3
omyIt,3
easily.It,3
teamI,3
legacy.It,3
forever.Don,3
preppy,3
Weather,3
arrival,3
injured,3
mileage,3
fest,3
brand.It,3
co,3
worker,3
Traded,3
Surprised,3
warning,3
phone.It,3
activated,3
Ok,3
thickness,3
Excelente,3
Sense,3
lagging,3
programs,3
GB,3
boot,3
SOS,3
passed,3
mac,3
anticipated,3
jog,3
Tons,3
Wi,3
Fi,3
courteous,3
.Best,3
identical,3
Yeah,3
blowing.,3
Instead,3
insane,3
marathons,3
dogs,3
Safety,3
trail,3
price.I,3
Days,3
bpm,3
am.,3
Buyer,3
death,3
Pay,3
cash,3
cardiologist,3
Previously,3
stream,3
theater,3
BP,3
Wasn,3
inspected,3
combination,3
podcasts,3
podcast,3
sorry,3
child,3
cleaning,3
condition.I,3
showering,3
Slick,3
HAVE,3
wherever,3
configured,3
Updated,3
Annoying,3
Granted,3
chargerI,3
Okay,3
inside,3
iPhones,3
basics,3
good.I,3
sp,3
bank,3
accessibility,3
Text,3
gifts,3
wearer,3
WE,3
fail,3
father,3
Matched,3
phone..,3
text.It,3
Replacing,3
upgrade.Very,3
anxiety,3
comfortable.It,3
Item,3
Actually,3
.If,3
quirky,3
Basically,3
memory,3
effective.,3
Series.Love,3
Valentine,3
Ordering,3
giftGreat,3
act,3
wonderfully,3
disappointed.I,3
promises,3
dislike,3
Sad,3
fitbits,3
utube,3
pinkish,3
station,3
AirPods,3
Neat,3
yeah,3
consumer,3
enhancements,3
scooter,3
Prior,3
money.I,3
Generation,3
Low,3
warm,3
areas,3
delicate,3
Work,3
lags,3
portable,3
costly,3
min,3
K.,3
minus,3
frequently,3
PERFECT,3
gents,3
"part,",3
"smooth,",3
sale!,3
She's,3
it'll,3
android/samsung,3
"fine,",3
"speed,",3
S4,3
good!,3
8!,3
again!,3
"year,",3
"calendar,",3
Watch…,3
"levels,",3
buying!,3
all!Great,3
mean?,3
"FitBit,",3
Watch),3
24/7.,3
5-6,3
"email,",3
service!,3
activities!,3
Wi-Fi,3
"way,",3
"function,",3
72,3
"courteous,",3
features!Great,3
"guy,",3
"things,",3
(including,3
"Instead,",3
"system,",3
"going,",3
"stunning,",3
built-in,3
i’ve,3
"diving,",3
"excellent,",3
Cons:,3
"overnight,",3
Haven't,3
"advertised,",3
"Texting,",3
"doubt,",3
"nearby,",3
phone!,3
blue!,3
:)The,3
recommended!,3
you’d,3
"fall,",3
"alarm,",3
"did,",3
"timer,",3
"charged,",3
"sleep,",3
fiancée,3
out!,3
"measurements,",3
"really,",3
watch;,3
"accurate,",3
"girlfriend,",3
i’ll,3
"cooking,",3
"call,",3
"green,",3
daughter's,3
great!I,3
41mm.,3
$70,3
it!Excellent,3
"heartbeat,",3
much!,3
"technology,",3
love!!,3
"would,",3
"heart,",3
device!,3
product!!!,3
price!,3
she's,3
to!,3
easy!,3
wrist!,3
great!Great,3
it!Apple,3
it…,3
that!,3
"red,",3
"black,",3
expectations!,3
"disappointed,",3
(41mm),3
cost-effective.,3
"short,",3
"set-up,",3
"activities,",3
"decision,",3
again!I,3
",I",3
"instead,",3
product!!,3
"warranty,",3
"Phone,",3
daughter!,3
"ecg,",3
"okay,",3
41MM.,3
color;,3
(it,3
32K,3
"premium,",3
1-1.5,3
35,3
2022.,3
"Amazon,",3
18k,3